{"cameraMode":{"drawMode":0,"name":"Shaded","section":"Shading Mode"},"sceneLighting":true,"audioPlay":false,"sceneViewState":{"showFog":true,"showMaterialUpdate":false,"showSkybox":true,"showFlares":true,"showImageEffects":true,"showParticleSystems":true},"in2DMode":false,"pivot":{"x":2583.4384765625,"y":-525.6317138671875,"z":-1487.292236328125},"rotation":{"x":-0.009372961707413197,"y":0.972823977470398,"z":-0.22789233922958375,"w":-0.04001914709806442},"size":1109.2825927734375,"orthographic":false}